date,S1counts,S1SM,S1Perm,S1Temp,S1Volt,S2counts,S2SM,S2Perm,S2Temp,S2Volt,S3counts,S3SM,S3Perm,S3Temp,S3Volt,S4counts,S4SM,S4Perm,S4Temp,S4Volt,S5counts,S5SM,S5Perm,S5Temp,S5Volt,S6counts,S6SM,S6Perm,S6Temp,S6Volt,S7counts,S7SM,S7Perm,S7Temp,S7Volt,S8counts,S8SM,S8Perm,S8Temp,S8Volt,S9counts,S9SM,S9Perm,S9Temp,S9Volt,S10counts,S10SM,S10Perm,S10Temp,S10Volt
2020-05-15 00:58:08,,,,14185.0,5.27,8.62,27.68,6.53,,,,,,,,,,,,,,,,,,,,,,,,,,,,,,,,,,,,,,,,,,
2020-05-15 01:18:08,,,,14186.0,5.27,8.62,27.688000000000002,6.48,,,,,,,,,,,,,,,,,,,,,,,,,,,,,,,,,,,,,,,,,,
2020-05-15 01:28:08,,,12859.0,8.7,16.23,29.491999999999997,6.74,14186.0,5.27,8.62,27.741999999999997,6.53,,,,,,,,,,,,,,,,,,,,,,,,,,,,,,,,,,,,,,
2020-05-15 01:38:08,,,12859.0,8.7,16.23,29.491999999999997,6.71,,,,,,,,,,,,,,,,,,,,,,,,,,,,,,,,,,,,,,,,,,,
2020-05-15 01:48:08,,,12859.0,8.7,16.23,29.523000000000003,6.63,14185.0,5.27,8.62,27.734,6.48,,,,,,,,,,,,,,,,,,,,,,,,,,,,,,,,,,,,,,
2020-05-15 01:58:08,,,12859.0,8.7,16.23,29.539,6.63,14186.0,5.27,8.62,27.688000000000002,6.45,,,,,,,,,,,,,,,,,,,,,,,,,,,,,,,,,,,,,,
2020-05-15 02:08:08,,,12859.0,8.7,16.23,29.523000000000003,6.61,14185.0,5.27,8.62,27.671999999999997,6.42,,,,,,,,,,,,,,,,,,,,,,,,,,,,,,,,,,,,,,
2020-05-15 02:18:08,,,12859.0,8.7,16.23,29.523000000000003,6.58,14186.0,5.27,8.62,27.711,6.4,,,,,,,,,,,,,,,,,,,,,,,,,,,,,,,,,,,,,,
2020-05-15 02:28:08,,13376.0,7.63,13.96,31.391,6.66,12858.0,8.71,16.24,29.516,6.63,14185.0,5.27,8.62,27.695,6.42,,,,,,,,,,,,,,,,,,,,,,,,,,,,,,,,,,
2020-05-15 02:38:08,,13376.0,7.63,13.96,31.438000000000002,6.66,12859.0,8.7,16.23,29.516,6.63,14186.0,5.27,8.62,27.711,6.42,,,,,,,,,,,,,,,,,,,,,,,,,,,,,,,,,,
2020-05-15 02:48:08,,13377.0,7.62,13.95,31.383000000000003,6.58,12859.0,8.7,16.23,29.555,6.58,14186.0,5.27,8.62,27.703000000000003,6.37,,,,,,,,,,,,,,,,,,,,,,,,,,,,,,,,,,
2020-05-15 02:58:08,,13377.0,7.62,13.95,31.344,6.55,12859.0,8.7,16.23,29.578000000000003,6.55,14186.0,5.27,8.62,27.688000000000002,6.37,,,,,,,,,,,,,,,,,,,,,,,,,,,,,,,,,,
2020-05-15 03:08:08,,13377.0,7.62,13.95,31.328000000000003,6.53,12859.0,8.7,16.23,29.57,6.53,14186.0,5.27,8.62,27.719,6.32,,,,,,,,,,,,,,,,,,,,,,,,,,,,,,,,,,
2020-05-15 03:18:08,,13378.0,7.62,13.95,31.313000000000002,6.5,12859.0,8.7,16.23,29.578000000000003,6.5,14186.0,5.27,8.62,27.711,6.32,,,,,,,,,,,,,,,,,,,,,,,,,,,,,,,,,,
2020-05-15 03:28:08,,13378.0,7.62,13.95,31.281,6.48,12859.0,8.7,16.23,29.57,6.48,14186.0,5.27,8.62,27.734,6.29,,,,,,,,,,,,,,,,,,,,,,,,,,,,,,,,,,
2020-05-15 03:38:08,,13379.0,7.62,13.94,31.273000000000003,6.45,12858.0,8.71,16.24,29.594,6.45,14186.0,5.27,8.62,27.688000000000002,6.27,,,,,,,,,,,,,,,,,,,,,,,,,,,,,,,,,,
2020-05-15 03:48:08,,13379.0,7.62,13.94,31.273000000000003,6.42,12858.0,8.71,16.24,29.594,6.42,14185.0,5.27,8.62,27.703000000000003,6.27,,,,,,,,,,,,,,,,,,,,,,,,,,,,,,,,,,
2020-05-15 03:58:08,,13379.0,7.62,13.94,31.258000000000003,6.4,12858.0,8.71,16.24,29.609,6.42,14186.0,5.27,8.62,27.703000000000003,6.24,,,,,,,,,,,,,,,,,,,,,,,,,,,,,,,,,,
2020-05-15 04:08:08,,13379.0,7.62,13.94,31.241999999999997,6.37,12858.0,8.71,16.24,29.609,6.4,14185.0,5.27,8.62,27.719,6.22,,,,,,,,,,,,,,,,,,,,,,,,,,,,,,,,,,
2020-05-15 04:18:08,,13380.0,7.61,13.94,31.234,6.35,12858.0,8.71,16.24,29.601999999999997,6.37,14186.0,5.27,8.62,27.719,6.22,,,,,,,,,,,,,,,,,,,,,,,,,,,,,,,,,,
2020-05-15 04:28:08,15420.0,3.38,3.96,31.055,7.02,13380.0,7.61,13.94,31.219,6.61,12858.0,8.71,16.24,29.586,6.5,14185.0,5.27,8.62,27.68,6.27,,,,,,,,,,,,,,,,,,,,,,,,,,,,,,
2020-05-15 04:38:08,15421.0,3.38,3.95,30.976999999999997,7.02,13381.0,7.61,13.93,31.188000000000002,6.61,12858.0,8.71,16.24,29.586,6.5,14185.0,5.27,8.62,27.664,6.27,,,,,,,,,,,,,,,,,,,,,,,,,,,,,,
2020-05-15 04:48:08,,13382.0,7.61,13.92,31.171999999999997,6.29,12858.0,8.71,16.24,29.601999999999997,6.32,14186.0,5.27,8.62,27.68,6.16,,,,,,,,,,,,,,,,,,,,,,,,,,,,,,,,,,
2020-05-15 04:58:08,,13381.0,7.61,13.93,31.125,6.27,12858.0,8.71,16.24,29.633000000000003,6.32,14186.0,5.27,8.62,27.688000000000002,6.16,,,,,,,,,,,,,,,,,,,,,,,,,,,,,,,,,,
2020-05-15 05:08:08,,13383.0,7.61,13.92,31.109,6.27,12858.0,8.71,16.24,29.633000000000003,6.29,14186.0,5.27,8.62,27.703000000000003,6.16,,,,,,,,,,,,,,,,,,,,,,,,,,,,,,,,,,
2020-05-15 05:18:08,,13383.0,7.61,13.92,31.094,6.29,12858.0,8.71,16.24,29.633000000000003,6.32,14185.0,5.27,8.62,27.695,6.16,,,,,,,,,,,,,,,,,,,,,,,,,,,,,,,,,,
2020-05-15 05:28:08,,13383.0,7.61,13.92,31.07,6.27,12858.0,8.71,16.24,29.641,6.32,14186.0,5.27,8.62,27.703000000000003,6.16,,,,,,,,,,,,,,,,,,,,,,,,,,,,,,,,,,
2020-05-15 05:38:08,,13384.0,7.6,13.91,31.046999999999997,6.24,12858.0,8.71,16.24,29.616999999999997,6.29,14185.0,5.27,8.62,27.726999999999997,6.14,,,,,,,,,,,,,,,,,,,,,,,,,,,,,,,,,,
2020-05-15 05:48:08,,13385.0,7.6,13.91,31.008000000000003,6.22,12857.0,8.71,16.25,29.616999999999997,6.27,14186.0,5.27,8.62,27.688000000000002,6.14,,,,,,,,,,,,,,,,,,,,,,,,,,,,,,,,,,
2020-05-15 05:58:08,,13385.0,7.6,13.91,31.016,6.22,12858.0,8.71,16.24,29.633000000000003,6.27,14186.0,5.27,8.62,27.734,6.14,,,,,,,,,,,,,,,,,,,,,,,,,,,,,,,,,,
2020-05-15 06:08:08,15426.0,3.37,3.94,30.43,6.74,13385.0,7.6,13.91,31.008000000000003,6.35,12857.0,8.71,16.25,29.641,6.32,14185.0,5.27,8.62,27.726999999999997,6.14,,,,,,,,,,,,,,,,,,,,,,,,,,,,,,
2020-05-15 06:18:08,15427.0,3.37,3.94,30.406,6.79,13385.0,7.6,13.91,30.938000000000002,6.37,12857.0,8.71,16.25,29.616999999999997,6.35,14185.0,5.27,8.62,27.695,6.14,,,,,,,,,,,,,,,,,,,,,,,,,,,,,,
2020-05-15 06:28:08,,13386.0,7.6,13.9,30.969,6.24,12857.0,8.71,16.25,29.616999999999997,6.29,14185.0,5.27,8.62,27.711,6.11,,,,,,,,,,,,,,,,,,,,,,,,,,,,,,,,,,
2020-05-15 06:38:08,15428.0,3.37,3.93,30.258000000000003,6.68,13386.0,7.6,13.9,30.921999999999997,6.32,12858.0,8.71,16.24,29.641,6.29,14185.0,5.27,8.62,27.741999999999997,6.11,,,,,,,,,,,,,,,,,,,,,,,,,,,,,,
2020-05-15 06:48:08,,13386.0,7.6,13.9,30.914,6.22,12857.0,8.71,16.25,29.625,6.27,14186.0,5.27,8.62,27.741999999999997,6.11,,,,,,,,,,,,,,,,,,,,,,,,,,,,,,,,,,
2020-05-15 06:58:08,15430.0,3.37,3.93,30.156,6.66,13387.0,7.59,13.89,30.898000000000003,6.29,12858.0,8.71,16.24,29.671999999999997,6.27,14186.0,5.27,8.62,27.719,6.11,,,,,,,,,,,,,,,,,,,,,,,,,,,,,,
2020-05-15 07:08:08,15430.0,3.37,3.93,30.133000000000003,6.68,13387.0,7.59,13.89,30.866999999999997,6.29,12858.0,8.71,16.24,29.648000000000003,6.29,14186.0,5.27,8.62,27.711,6.11,,,,,,,,,,,,,,,,,,,,,,,,,,,,,,
2020-05-15 07:18:08,15430.0,3.37,3.93,30.07,6.68,13388.0,7.59,13.88,30.851999999999997,6.29,12858.0,8.71,16.24,29.664,6.29,14186.0,5.27,8.62,27.726999999999997,6.11,,,,,,,,,,,,,,,,,,,,,,,,,,,,,,
2020-05-15 07:28:08,15431.0,3.37,3.92,30.031,6.66,13388.0,7.59,13.88,30.813000000000002,6.27,12858.0,8.71,16.24,29.656,6.27,14186.0,5.27,8.62,27.719,6.09,,,,,,,,,,,,,,,,,,,,,,,,,,,,,,
2020-05-15 07:38:08,15431.0,3.37,3.92,30.0,6.66,13388.0,7.59,13.88,30.773000000000003,6.27,12858.0,8.71,16.24,29.594,6.27,14187.0,5.27,8.61,27.719,6.06,,,,,,,,,,,,,,,,,,,,,,,,,,,,,,
2020-05-15 07:48:08,15431.0,3.37,3.92,30.008000000000003,6.68,13388.0,7.59,13.88,30.789,6.29,12859.0,8.7,16.23,29.633000000000003,6.27,14187.0,5.27,8.61,27.726999999999997,6.06,,,,,,,,,,,,,,,,,,,,,,,,,,,,,,
2020-05-15 07:58:08,15431.0,3.37,3.92,29.969,6.66,13389.0,7.59,13.88,30.789,6.27,12859.0,8.7,16.23,29.671999999999997,6.24,14187.0,5.27,8.61,27.726999999999997,6.06,,,,,,,,,,,,,,,,,,,,,,,,,,,,,,
2020-05-15 08:08:08,15431.0,3.37,3.92,29.969,6.66,13389.0,7.59,13.88,30.734,6.27,12859.0,8.7,16.23,29.633000000000003,6.24,14188.0,5.26,8.61,27.734,6.03,,,,,,,,,,,,,,,,,,,,,,,,,,,,,,
2020-05-15 08:18:08,15432.0,3.36,3.92,29.938000000000002,6.66,13389.0,7.59,13.88,30.719,6.27,12860.0,8.7,16.23,29.641,6.24,14188.0,5.26,8.61,27.741999999999997,6.09,,,,,,,,,,,,,,,,,,,,,,,,,,,,,,
2020-05-15 08:28:08,15432.0,3.36,3.92,29.938000000000002,6.68,13390.0,7.59,13.87,30.68,6.27,12860.0,8.7,16.23,29.648000000000003,6.24,14188.0,5.26,8.61,27.758000000000003,6.06,,,,,,,,,,,,,,,,,,,,,,,,,,,,,,
2020-05-15 08:38:08,15432.0,3.36,3.92,29.976999999999997,6.66,13390.0,7.59,13.87,30.68,6.27,12860.0,8.7,16.23,29.616999999999997,6.27,14188.0,5.26,8.61,27.711,6.09,,,,,,,,,,,,,,,,,,,,,,,,,,,,,,
2020-05-15 08:48:08,15432.0,3.36,3.92,29.953000000000003,6.68,13390.0,7.59,13.87,30.656,6.29,12860.0,8.7,16.23,29.601999999999997,6.27,14189.0,5.26,8.61,27.726999999999997,6.09,,,,,,,,,,,,,,,,,,,,,,,,,,,,,,
2020-05-15 09:08:08,15432.0,3.36,3.92,30.0,6.61,13391.0,7.58,13.87,30.601999999999997,6.27,12861.0,8.7,16.22,29.641,6.24,14189.0,5.26,8.61,27.741999999999997,6.06,,,,,,,,,,,,,,,,,,,,,,,,,,,,,,
2020-05-15 09:18:08,15432.0,3.36,3.92,30.046999999999997,6.58,13391.0,7.58,13.87,30.594,6.27,12862.0,8.69,16.21,29.641,6.27,14189.0,5.26,8.61,27.758000000000003,6.09,,,,,,,,,,,,,,,,,,,,,,,,,,,,,,
2020-05-15 09:28:08,15432.0,3.36,3.92,30.055,6.71,13392.0,7.58,13.86,30.546999999999997,6.29,12862.0,8.69,16.21,29.656,6.27,14190.0,5.26,8.6,27.688000000000002,6.09,,,,,,,,,,,,,,,,,,,,,,,,,,,,,,
2020-05-15 09:38:08,15431.0,3.37,3.92,30.125,6.66,13393.0,7.58,13.85,30.523000000000003,6.29,12862.0,8.69,16.21,29.609,6.27,14190.0,5.26,8.6,27.741999999999997,6.11,,,,,,,,,,,,,,,,,,,,,,,,,,,,,,
2020-05-15 09:48:08,,13393.0,7.58,13.85,30.516,6.19,12863.0,8.69,16.21,29.641,6.24,14191.0,5.26,8.6,27.781,6.09,,,,,,,,,,,,,,,,,,,,,,,,,,,,,,,,,,
2020-05-15 09:58:08,15430.0,3.37,3.93,30.296999999999997,6.63,13393.0,7.58,13.85,30.484,6.29,12864.0,8.69,16.19,29.656,6.27,14191.0,5.26,8.6,27.719,6.09,,,,,,,,,,,,,,,,,,,,,,,,,,,,,,
2020-05-15 10:08:08,,13394.0,7.57,13.85,30.484,6.16,12864.0,8.69,16.19,29.633000000000003,6.22,14191.0,5.26,8.6,27.719,6.06,,,,,,,,,,,,,,,,,,,,,,,,,,,,,,,,,,
2020-05-15 10:18:08,,13395.0,7.57,13.84,30.491999999999997,6.16,12865.0,8.68,16.19,29.625,6.22,14192.0,5.26,8.59,27.741999999999997,6.06,,,,,,,,,,,,,,,,,,,,,,,,,,,,,,,,,,
2020-05-15 10:28:08,,13395.0,7.57,13.84,30.469,6.16,12865.0,8.68,16.19,29.601999999999997,6.22,14192.0,5.26,8.59,27.741999999999997,6.06,,,,,,,,,,,,,,,,,,,,,,,,,,,,,,,,,,
2020-05-15 10:38:08,,13395.0,7.57,13.84,30.445,6.19,12866.0,8.68,16.18,29.594,6.22,14192.0,5.26,8.59,27.726999999999997,6.06,,,,,,,,,,,,,,,,,,,,,,,,,,,,,,,,,,
2020-05-15 10:48:08,15426.0,3.37,3.94,30.866999999999997,6.71,13395.0,7.57,13.84,30.461,6.32,12866.0,8.68,16.18,29.625,6.29,14192.0,5.26,8.59,27.75,6.09,,,,,,,,,,,,,,,,,,,,,,,,,,,,,,
2020-05-15 10:58:08,,13396.0,7.57,13.84,30.391,6.16,12866.0,8.68,16.18,29.601999999999997,6.22,14193.0,5.25,8.58,27.726999999999997,6.06,,,,,,,,,,,,,,,,,,,,,,,,,,,,,,,,,,
2020-05-15 11:08:08,,13397.0,7.57,13.83,30.414,6.16,12867.0,8.68,16.17,29.586,6.22,14193.0,5.25,8.58,27.75,6.03,,,,,,,,,,,,,,,,,,,,,,,,,,,,,,,,,,
2020-05-15 11:18:08,15421.0,3.38,3.95,31.391,6.71,13397.0,7.57,13.83,30.391,6.32,12867.0,8.68,16.17,29.601999999999997,6.27,14194.0,5.25,8.58,27.773000000000003,6.09,,,,,,,,,,,,,,,,,,,,,,,,,,,,,,
2020-05-15 11:28:08,15419.0,3.38,3.96,31.594,6.74,13397.0,7.57,13.83,30.414,6.32,12867.0,8.68,16.17,29.616999999999997,6.27,14194.0,5.25,8.58,27.726999999999997,6.09,,,,,,,,,,,,,,,,,,,,,,,,,,,,,,
2020-05-15 11:38:08,15417.0,3.38,3.97,31.766,6.74,13397.0,7.57,13.83,30.375,6.32,12868.0,8.67,16.17,29.57,6.27,14194.0,5.25,8.58,27.734,6.09,,,,,,,,,,,,,,,,,,,,,,,,,,,,,,
2020-05-15 11:48:08,15415.0,3.39,3.97,32.008,6.74,13398.0,7.56,13.83,30.383000000000003,6.32,12869.0,8.67,16.16,29.57,6.27,14195.0,5.25,8.58,27.766,6.09,,,,,,,,,,,,,,,,,,,,,,,,,,,,,,
2020-05-15 11:58:08,15413.0,3.39,3.98,32.258,6.74,13398.0,7.56,13.83,30.398000000000003,6.32,12869.0,8.67,16.16,29.555,6.27,14195.0,5.25,8.58,27.741999999999997,6.06,,,,,,,,,,,,,,,,,,,,,,,,,,,,,,
2020-05-15 12:08:08,15410.0,3.39,3.99,32.469,6.74,13398.0,7.56,13.83,30.359,6.29,12870.0,8.67,16.16,29.594,6.27,14196.0,5.25,8.57,27.741999999999997,6.09,,,,,,,,,,,,,,,,,,,,,,,,,,,,,,
2020-05-15 12:18:08,,13399.0,7.56,13.82,30.359,6.14,12871.0,8.66,16.15,29.578000000000003,6.16,14196.0,5.25,8.57,27.741999999999997,6.01,,,,,,,,,,,,,,,,,,,,,,,,,,,,,,,,,,
2020-05-15 12:28:08,15403.0,3.4,4.01,32.984,6.68,13399.0,7.56,13.82,30.383000000000003,6.27,12871.0,8.66,16.15,29.586,6.24,14196.0,5.25,8.57,27.805,6.06,,,,,,,,,,,,,,,,,,,,,,,,,,,,,,
2020-05-15 12:38:08,,13400.0,7.56,13.81,30.375,6.14,12872.0,8.66,16.14,29.563000000000002,6.16,14196.0,5.25,8.57,27.758000000000003,6.01,,,,,,,,,,,,,,,,,,,,,,,,,,,,,,,,,,
2020-05-15 12:48:08,15397.0,3.41,4.03,33.445,6.66,13400.0,7.56,13.81,30.366999999999997,6.27,12872.0,8.66,16.14,29.594,6.24,14197.0,5.25,8.57,27.741999999999997,6.03,,,,,,,,,,,,,,,,,,,,,,,,,,,,,,
2020-05-15 12:58:08,15393.0,3.41,4.04,33.664,6.68,13400.0,7.56,13.81,30.391,6.27,12873.0,8.65,16.13,29.523000000000003,6.24,14198.0,5.24,8.56,27.758000000000003,6.03,,,,,,,,,,,,,,,,,,,,,,,,,,,,,,
2020-05-18 12:48:08,15464.0,3.33,3.82,33.82,10.37,13455.0,7.4,13.47,31.016,10.37,12925.0,8.48,15.77,30.234,10.45,,,,,,,,,,,,,,,,,,,,,,,,,,,,,,,,,,,
2020-05-18 12:58:08,15461.0,3.33,3.83,34.086,10.37,13456.0,7.4,13.47,31.055,10.37,12926.0,8.48,15.76,30.241999999999997,10.45,,,,,,,,,,,,,,,,,,,,,,,,,,,,,,,,,,,
2020-05-18 13:08:08,15458.0,3.33,3.84,34.273,10.35,13455.0,7.4,13.47,31.078000000000003,10.32,12926.0,8.48,15.76,30.258000000000003,10.42,,,,,,,,,,,,,,,,,,,,,,,,,,,,,,,,,,,
2020-05-18 13:18:08,15455.0,3.34,3.85,34.453,10.37,13456.0,7.4,13.47,31.07,10.37,12926.0,8.48,15.76,30.234,10.45,,,,,,,,,,,,,,,,,,,,,,,,,,,,,,,,,,,
2020-05-18 13:38:08,15449.0,3.34,3.86,34.789,10.37,13456.0,7.4,13.47,31.07,10.37,12927.0,8.47,15.76,30.203000000000003,10.48,,,,,,,,,,,,,,,,,,,,,,,,,,,,,,,,,,,
2020-05-18 13:48:08,15447.0,3.35,3.87,34.93,10.4,13456.0,7.4,13.47,31.078000000000003,10.37,12928.0,8.47,15.75,30.234,10.48,,,,,,,,,,,,,,,,,,,,,,,,,,,,,,,,,,,
2020-05-18 13:58:08,15445.0,3.35,3.88,35.07,10.4,13456.0,7.4,13.47,31.133000000000003,10.37,12928.0,8.47,15.75,30.211,10.48,,,,,,,,,,,,,,,,,,,,,,,,,,,,,,,,,,,
2020-05-18 14:08:08,15441.0,3.35,3.89,35.266,10.4,13456.0,7.4,13.47,31.125,10.37,12928.0,8.47,15.75,30.164,10.48,,,,,,,,,,,,,,,,,,,,,,,,,,,,,,,,,,,
2020-05-18 14:18:08,15440.0,3.35,3.89,35.375,10.4,13456.0,7.4,13.47,31.188000000000002,10.37,12928.0,8.47,15.75,30.18,10.48,,,,,,,,,,,,,,,,,,,,,,,,,,,,,,,,,,,
2020-05-18 14:28:08,15437.0,3.36,3.9,35.531,10.4,13456.0,7.4,13.47,31.188000000000002,10.37,12928.0,8.47,15.75,30.188000000000002,10.48,,,,,,,,,,,,,,,,,,,,,,,,,,,,,,,,,,,
2020-05-18 14:38:08,15436.0,3.36,3.91,35.586,10.4,13455.0,7.4,13.47,31.219,10.37,12929.0,8.47,15.74,30.18,10.48,,,,,,,,,,,,,,,,,,,,,,,,,,,,,,,,,,,
2020-05-18 14:48:08,15435.0,3.36,3.91,35.672,10.4,13455.0,7.4,13.47,31.241999999999997,10.37,12929.0,8.47,15.74,30.164,10.48,,,,,,,,,,,,,,,,,,,,,,,,,,,,,,,,,,,
2020-05-18 15:18:08,15447.0,3.35,3.87,35.758,10.45,13454.0,7.41,13.48,31.328000000000003,10.42,12920.0,8.49,15.8,30.164,10.53,,,,,,,,,,,,,,,,,,,,,,,,,,,,,,,,,,,
2020-05-18 15:28:08,15438.0,3.36,3.9,35.773,10.45,13454.0,7.41,13.48,31.359,10.42,12926.0,8.48,15.76,30.188000000000002,10.53,,,,,,,,,,,,,,,,,,,,,,,,,,,,,,,,,,,
2020-05-18 15:38:08,15438.0,3.36,3.9,35.773,10.45,13453.0,7.41,13.49,31.414,10.42,12926.0,8.48,15.76,30.156,10.5,,,,,,,,,,,,,,,,,,,,,,,,,,,,,,,,,,,
2020-05-18 15:48:08,15439.0,3.36,3.9,35.688,10.42,13454.0,7.41,13.48,31.438000000000002,10.4,12926.0,8.48,15.76,30.171999999999997,10.5,,,,,,,,,,,,,,,,,,,,,,,,,,,,,,,,,,,
2020-05-18 16:18:08,15443.0,3.35,3.88,35.375,10.4,13453.0,7.41,13.49,31.546999999999997,10.37,12926.0,8.48,15.76,30.188000000000002,10.45,,,,,,,,,,,,,,,,,,,,,,,,,,,,,,,,,,,
2020-05-18 16:28:08,15445.0,3.35,3.88,35.25,10.37,13453.0,7.41,13.49,31.531,10.37,12927.0,8.47,15.76,30.133000000000003,10.45,,,,,,,,,,,,,,,,,,,,,,,,,,,,,,,,,,,
2020-05-18 16:38:08,15449.0,3.34,3.86,35.148,10.37,13453.0,7.41,13.49,31.586,10.37,12927.0,8.47,15.76,30.133000000000003,10.45,,,,,,,,,,,,,,,,,,,,,,,,,,,,,,,,,,,
2020-05-18 16:48:08,15450.0,3.34,3.86,34.977,10.37,13452.0,7.41,13.5,31.625,10.37,12927.0,8.47,15.76,30.156,10.45,,,,,,,,,,,,,,,,,,,,,,,,,,,,,,,,,,,
2020-05-18 16:58:08,15454.0,3.34,3.85,34.883,10.37,13452.0,7.41,13.5,31.578000000000003,10.35,12927.0,8.47,15.76,30.148000000000003,10.45,,,,,,,,,,,,,,,,,,,,,,,,,,,,,,,,,,,
2020-05-18 17:08:08,15455.0,3.34,3.85,34.75,10.37,13452.0,7.41,13.5,31.641,10.35,12927.0,8.47,15.76,30.148000000000003,10.45,,,,,,,,,,,,,,,,,,,,,,,,,,,,,,,,,,,
2020-05-18 17:18:08,15457.0,3.33,3.84,34.625,10.37,13452.0,7.41,13.5,31.68,10.35,12927.0,8.47,15.76,30.164,10.45,,,,,,,,,,,,,,,,,,,,,,,,,,,,,,,,,,,
2020-05-18 17:28:08,15459.0,3.33,3.83,34.508,10.37,13452.0,7.41,13.5,31.68,10.35,12927.0,8.47,15.76,30.18,10.45,,,,,,,,,,,,,,,,,,,,,,,,,,,,,,,,,,,
2020-05-18 17:38:08,15461.0,3.33,3.83,34.375,10.37,13451.0,7.41,13.5,31.695,10.35,12926.0,8.48,15.76,30.171999999999997,10.45,,,,,,,,,,,,,,,,,,,,,,,,,,,,,,,,,,,
2020-05-18 17:48:08,15463.0,3.33,3.82,34.297,10.37,13451.0,7.41,13.5,31.734,10.35,12927.0,8.47,15.76,30.156,10.45,,,,,,,,,,,,,,,,,,,,,,,,,,,,,,,,,,,
2020-05-18 17:58:08,15465.0,3.32,3.81,34.078,10.37,13452.0,7.41,13.5,31.75,10.35,12927.0,8.47,15.76,30.156,10.45,,,,,,,,,,,,,,,,,,,,,,,,,,,,,,,,,,,
2020-05-18 18:08:08,15467.0,3.32,3.81,33.992,10.37,13452.0,7.41,13.5,31.773000000000003,10.35,12927.0,8.47,15.76,30.171999999999997,10.45,,,,,,,,,,,,,,,,,,,,,,,,,,,,,,,,,,,
2020-05-18 18:18:08,15469.0,3.32,3.8,33.844,10.37,13451.0,7.41,13.5,31.75,10.35,12927.0,8.47,15.76,30.148000000000003,10.45,,,,,,,,,,,,,,,,,,,,,,,,,,,,,,,,,,,
2020-05-18 18:28:08,15472.0,3.32,3.79,33.742,10.37,13451.0,7.41,13.5,31.75,10.35,12927.0,8.47,15.76,30.125,10.45,,,,,,,,,,,,,,,,,,,,,,,,,,,,,,,,,,,
2020-05-18 18:38:08,15472.0,3.32,3.79,33.602,10.37,13451.0,7.41,13.5,31.773000000000003,10.37,12927.0,8.47,15.76,30.133000000000003,10.45,,,,,,,,,,,,,,,,,,,,,,,,,,,,,,,,,,,
2020-05-18 18:48:08,15474.0,3.31,3.79,33.43,10.4,13451.0,7.41,13.5,31.766,10.37,12927.0,8.47,15.76,30.164,10.45,,,,,,,,,,,,,,,,,,,,,,,,,,,,,,,,,,,
2020-05-18 18:58:08,15477.0,3.31,3.77,33.328,10.37,13451.0,7.41,13.5,31.781,10.37,12927.0,8.47,15.76,30.171999999999997,10.45,,,,,,,,,,,,,,,,,,,,,,,,,,,,,,,,,,,
2020-05-18 19:08:08,15478.0,3.31,3.77,33.227,10.37,13451.0,7.41,13.5,31.805,10.37,12927.0,8.47,15.76,30.156,10.45,,,,,,,,,,,,,,,,,,,,,,,,,,,,,,,,,,,
2020-05-18 19:18:08,15480.0,3.31,3.77,33.086,10.37,13451.0,7.41,13.5,31.805,10.37,12927.0,8.47,15.76,30.148000000000003,10.45,,,,,,,,,,,,,,,,,,,,,,,,,,,,,,,,,,,
2020-05-18 19:38:08,15483.0,3.3,3.76,32.836,10.37,,,,,,,,,,,,,,,,,,,,,,,,,,,,,,,,,,,,,,,,,,,,,
2020-05-18 19:48:08,15484.0,3.3,3.76,32.742,10.37,13451.0,7.41,13.5,31.805,10.37,12927.0,8.47,15.76,30.195,10.45,,,,,,,,,,,,,,,,,,,,,,,,,,,,,,,,,,,
2020-05-18 20:08:08,15487.0,3.3,3.74,32.523,10.37,13451.0,7.41,13.5,31.82,10.37,12926.0,8.48,15.76,30.226999999999997,10.45,,,,,,,,,,,,,,,,,,,,,,,,,,,,,,,,,,,
2020-05-18 20:28:08,15491.0,3.29,3.73,32.344,10.37,13452.0,7.41,13.5,31.813000000000002,10.35,12927.0,8.47,15.76,30.188000000000002,10.45,,,,,,,,,,,,,,,,,,,,,,,,,,,,,,,,,,,
2020-05-18 21:28:08,15497.0,3.28,3.71,31.741999999999997,10.37,13453.0,7.41,13.49,31.68,10.35,,,,,,,,,,,,,,,,,,,,,,,,,,,,,,,,,,,,,,,,
2020-05-18 21:58:08,15501.0,3.28,3.7,31.445,10.35,13454.0,7.41,13.48,31.695,10.35,12927.0,8.47,15.76,30.203000000000003,10.42,,,,,,,,,,,,,,,,,,,,,,,,,,,,,,,,,,,
2020-05-18 22:08:08,15503.0,3.28,3.7,31.344,10.35,13454.0,7.41,13.48,31.633000000000003,10.35,12927.0,8.47,15.76,30.203000000000003,10.42,,,,,,,,,,,,,,,,,,,,,,,,,,,,,,,,,,,
2020-05-18 22:18:08,15504.0,3.28,3.69,31.258000000000003,10.35,13454.0,7.41,13.48,31.625,10.35,12926.0,8.48,15.76,30.234,10.42,,,,,,,,,,,,,,,,,,,,,,,,,,,,,,,,,,,
2020-05-18 22:28:08,15505.0,3.27,3.69,31.164,10.35,13454.0,7.41,13.48,31.609,10.32,12927.0,8.47,15.76,30.25,10.42,,,,,,,,,,,,,,,,,,,,,,,,,,,,,,,,,,,
2020-05-18 22:38:08,15506.0,3.27,3.68,31.109,10.35,13455.0,7.4,13.47,31.594,10.35,12927.0,8.47,15.76,30.219,10.42,,,,,,,,,,,,,,,,,,,,,,,,,,,,,,,,,,,
2020-05-18 22:48:08,15507.0,3.27,3.68,31.0,10.35,13455.0,7.4,13.47,31.594,10.32,12927.0,8.47,15.76,30.241999999999997,10.42,,,,,,,,,,,,,,,,,,,,,,,,,,,,,,,,,,,
2020-05-18 22:58:08,15509.0,3.27,3.68,30.921999999999997,10.35,13456.0,7.4,13.47,31.578000000000003,10.32,12926.0,8.48,15.76,30.258000000000003,10.42,,,,,,,,,,,,,,,,,,,,,,,,,,,,,,,,,,,
2020-05-18 23:08:08,15509.0,3.27,3.68,30.844,10.35,13456.0,7.4,13.47,31.523000000000003,10.32,12926.0,8.48,15.76,30.234,10.42,,,,,,,,,,,,,,,,,,,,,,,,,,,,,,,,,,,
2020-05-18 23:18:08,15510.0,3.27,3.67,30.758000000000003,10.35,,,,,,,,,,,,,,,,,,,,,,,,,,,,,,,,,,,,,,,,,,,,,
2020-05-18 23:28:08,15511.0,3.27,3.67,30.695,10.35,13456.0,7.4,13.47,31.484,10.32,12926.0,8.48,15.76,30.234,10.42,,,,,,,,,,,,,,,,,,,,,,,,,,,,,,,,,,,
2020-05-18 23:38:08,15512.0,3.27,3.67,30.616999999999997,10.32,13457.0,7.4,13.46,31.476999999999997,10.32,12926.0,8.48,15.76,30.25,10.4,,,,,,,,,,,,,,,,,,,,,,,,,,,,,,,,,,,
2020-05-18 23:48:08,15513.0,3.27,3.66,30.531,10.35,13457.0,7.4,13.46,31.461,10.32,12926.0,8.48,15.76,30.234,10.4,,,,,,,,,,,,,,,,,,,,,,,,,,,,,,,,,,,
2020-05-18 23:58:08,15514.0,3.26,3.66,30.476999999999997,10.32,13457.0,7.4,13.46,31.453000000000003,10.3,12926.0,8.48,15.76,30.258000000000003,10.4,,,,,,,,,,,,,,,,,,,,,,,,,,,,,,,,,,,
2020-05-19 00:08:08,15515.0,3.26,3.66,30.313000000000002,10.32,13458.0,7.39,13.46,31.438000000000002,10.32,12927.0,8.47,15.76,30.258000000000003,10.4,,,,,,,,,,,,,,,,,,,,,,,,,,,,,,,,,,,
2020-05-19 00:18:08,15516.0,3.26,3.65,30.289,10.32,13458.0,7.39,13.46,31.375,10.32,12926.0,8.48,15.76,30.273000000000003,10.4,,,,,,,,,,,,,,,,,,,,,,,,,,,,,,,,,,,
2020-05-19 00:28:08,15517.0,3.26,3.65,30.219,10.32,13458.0,7.39,13.46,31.391,10.32,12926.0,8.48,15.76,30.258000000000003,10.4,,,,,,,,,,,,,,,,,,,,,,,,,,,,,,,,,,,
2020-05-19 00:38:08,15518.0,3.26,3.65,30.116999999999997,10.32,13459.0,7.39,13.45,31.336,10.32,12926.0,8.48,15.76,30.25,10.4,,,,,,,,,,,,,,,,,,,,,,,,,,,,,,,,,,,
2020-05-19 00:48:08,15518.0,3.26,3.65,30.07,10.32,13459.0,7.39,13.45,31.32,10.32,12926.0,8.48,15.76,30.258000000000003,10.4,,,,,,,,,,,,,,,,,,,,,,,,,,,,,,,,,,,
2020-05-19 00:58:08,15520.0,3.26,3.64,29.969,10.32,13459.0,7.39,13.45,31.305,10.32,12926.0,8.48,15.76,30.273000000000003,10.4,,,,,,,,,,,,,,,,,,,,,,,,,,,,,,,,,,,
2020-05-19 01:08:08,15520.0,3.26,3.64,29.93,10.32,13460.0,7.39,13.45,31.258000000000003,10.3,12926.0,8.48,15.76,30.226999999999997,10.4,,,,,,,,,,,,,,,,,,,,,,,,,,,,,,,,,,,
2020-05-19 01:18:08,15521.0,3.26,3.64,29.836,10.32,13460.0,7.39,13.45,31.241999999999997,10.32,12926.0,8.48,15.76,30.281,10.4,,,,,,,,,,,,,,,,,,,,,,,,,,,,,,,,,,,
2020-05-19 01:28:08,15521.0,3.26,3.64,29.758000000000003,10.32,13461.0,7.39,13.44,31.211,10.3,12926.0,8.48,15.76,30.226999999999997,10.4,,,,,,,,,,,,,,,,,,,,,,,,,,,,,,,,,,,
2020-05-19 01:38:08,15523.0,3.25,3.63,29.695,10.32,13461.0,7.39,13.44,31.241999999999997,10.3,12926.0,8.48,15.76,30.258000000000003,10.4,,,,,,,,,,,,,,,,,,,,,,,,,,,,,,,,,,,
2020-05-19 01:48:08,15523.0,3.25,3.63,29.601999999999997,10.32,13462.0,7.38,13.43,31.211,10.3,12926.0,8.48,15.76,30.25,10.4,,,,,,,,,,,,,,,,,,,,,,,,,,,,,,,,,,,
2020-05-19 02:08:08,15525.0,3.25,3.63,29.476999999999997,10.32,13462.0,7.38,13.43,31.141,10.3,12926.0,8.48,15.76,30.211,10.4,,,,,,,,,,,,,,,,,,,,,,,,,,,,,,,,,,,
2020-05-19 02:18:08,15526.0,3.25,3.62,29.414,10.32,13463.0,7.38,13.43,31.116999999999997,10.3,12926.0,8.48,15.76,30.25,10.4,,,,,,,,,,,,,,,,,,,,,,,,,,,,,,,,,,,
2020-05-19 02:28:08,15526.0,3.25,3.62,29.328000000000003,10.32,13463.0,7.38,13.43,31.086,10.3,12926.0,8.48,15.76,30.241999999999997,10.37,,,,,,,,,,,,,,,,,,,,,,,,,,,,,,,,,,,
2020-05-19 02:48:08,15527.0,3.25,3.62,29.219,10.32,13464.0,7.38,13.42,31.046999999999997,10.3,12926.0,8.48,15.76,30.258000000000003,10.37,,,,,,,,,,,,,,,,,,,,,,,,,,,,,,,,,,,
2020-05-19 02:58:08,15528.0,3.25,3.62,29.171999999999997,10.3,13464.0,7.38,13.42,31.008000000000003,10.3,12926.0,8.48,15.76,30.25,10.4,,,,,,,,,,,,,,,,,,,,,,,,,,,,,,,,,,,
2020-05-19 03:08:08,15529.0,3.25,3.61,29.063000000000002,10.32,13464.0,7.38,13.42,30.984,10.3,12926.0,8.48,15.76,30.234,10.37,,,,,,,,,,,,,,,,,,,,,,,,,,,,,,,,,,,
2020-05-19 03:18:08,15530.0,3.25,3.61,29.039,10.3,13464.0,7.38,13.42,30.953000000000003,10.3,12927.0,8.47,15.76,30.226999999999997,10.37,,,,,,,,,,,,,,,,,,,,,,,,,,,,,,,,,,,
2020-05-19 03:28:08,15531.0,3.24,3.61,28.945,10.3,13465.0,7.38,13.42,30.921999999999997,10.3,,,,,,,,,,,,,,,,,,,,,,,,,,,,,,,,,,,,,,,,
2020-05-19 03:38:08,15530.0,3.25,3.61,28.906,10.3,13466.0,7.37,13.41,30.898000000000003,10.3,12927.0,8.47,15.76,30.226999999999997,10.37,,,,,,,,,,,,,,,,,,,,,,,,,,,,,,,,,,,
2020-05-19 03:48:08,15531.0,3.24,3.61,28.828000000000003,10.3,13466.0,7.37,13.41,30.891,10.3,12927.0,8.47,15.76,30.211,10.37,,,,,,,,,,,,,,,,,,,,,,,,,,,,,,,,,,,
2020-05-19 03:58:08,15531.0,3.24,3.61,28.773000000000003,10.3,13466.0,7.37,13.41,30.866999999999997,10.3,12926.0,8.48,15.76,30.188000000000002,10.37,,,,,,,,,,,,,,,,,,,,,,,,,,,,,,,,,,,
2020-05-19 04:08:08,15532.0,3.24,3.61,28.703000000000003,10.3,13467.0,7.37,13.41,30.851999999999997,10.27,12927.0,8.47,15.76,30.211,10.37,,,,,,,,,,,,,,,,,,,,,,,,,,,,,,,,,,,
2020-05-19 04:18:08,15533.0,3.24,3.6,28.648000000000003,10.3,13467.0,7.37,13.41,30.773000000000003,10.3,12927.0,8.47,15.76,30.219,10.37,,,,,,,,,,,,,,,,,,,,,,,,,,,,,,,,,,,
2020-05-19 04:28:08,15534.0,3.24,3.6,28.609,10.3,13467.0,7.37,13.41,30.766,10.27,12927.0,8.47,15.76,30.195,10.37,,,,,,,,,,,,,,,,,,,,,,,,,,,,,,,,,,,
2020-05-19 04:48:08,15534.0,3.24,3.6,28.469,10.3,13469.0,7.36,13.39,30.726999999999997,10.27,12927.0,8.47,15.76,30.203000000000003,10.37,,,,,,,,,,,,,,,,,,,,,,,,,,,,,,,,,,,
2020-05-19 04:58:08,15535.0,3.24,3.59,28.406,10.3,13468.0,7.37,13.4,30.695,10.27,12927.0,8.47,15.76,30.188000000000002,10.37,,,,,,,,,,,,,,,,,,,,,,,,,,,,,,,,,,,
2020-05-19 05:08:08,15536.0,3.24,3.59,28.375,10.3,13469.0,7.36,13.39,30.664,10.27,12927.0,8.47,15.76,30.195,10.37,,,,,,,,,,,,,,,,,,,,,,,,,,,,,,,,,,,
2020-05-19 05:28:08,15535.0,3.24,3.59,28.289,10.3,13470.0,7.36,13.38,30.578000000000003,10.27,12927.0,8.47,15.76,30.195,10.37,,,,,,,,,,,,,,,,,,,,,,,,,,,,,,,,,,,
2020-05-19 05:38:08,15536.0,3.24,3.59,28.203000000000003,10.3,13470.0,7.36,13.38,30.563000000000002,10.27,12927.0,8.47,15.76,30.171999999999997,10.37,,,,,,,,,,,,,,,,,,,,,,,,,,,,,,,,,,,
2020-05-19 06:08:08,15538.0,3.24,3.59,28.031,10.27,13471.0,7.36,13.38,30.461,10.27,12928.0,8.47,15.75,30.18,10.35,,,,,,,,,,,,,,,,,,,,,,,,,,,,,,,,,,,
2020-05-19 06:18:08,15539.0,3.23,3.58,27.976999999999997,10.27,13472.0,7.35,13.37,30.476999999999997,10.27,12928.0,8.47,15.75,30.148000000000003,10.35,,,,,,,,,,,,,,,,,,,,,,,,,,,,,,,,,,,
2020-05-19 06:38:08,15539.0,3.23,3.58,27.898000000000003,10.27,13472.0,7.35,13.37,30.398000000000003,10.24,,,,,,,,,,,,,,,,,,,,,,,,,,,,,,,,,,,,,,,,
2020-05-19 06:48:08,15540.0,3.23,3.58,27.828000000000003,10.27,13473.0,7.35,13.37,30.391,10.24,12927.0,8.47,15.76,30.141,10.35,,,,,,,,,,,,,,,,,,,,,,,,,,,,,,,,,,,
2020-05-19 07:08:08,15540.0,3.23,3.58,27.758000000000003,10.24,13474.0,7.35,13.36,30.328000000000003,10.24,12928.0,8.47,15.75,30.109,10.35,,,,,,,,,,,,,,,,,,,,,,,,,,,,,,,,,,,
2020-05-19 07:18:08,15541.0,3.23,3.58,27.688000000000002,10.24,13474.0,7.35,13.36,30.305,10.24,12928.0,8.47,15.75,30.116999999999997,10.35,,,,,,,,,,,,,,,,,,,,,,,,,,,,,,,,,,,
2020-05-19 07:38:08,15540.0,3.23,3.58,27.68,10.24,13475.0,7.35,13.36,30.241999999999997,10.24,12928.0,8.47,15.75,30.07,10.32,,,,,,,,,,,,,,,,,,,,,,,,,,,,,,,,,,,
2020-05-19 07:48:08,15541.0,3.23,3.58,27.616999999999997,10.24,13476.0,7.34,13.35,30.203000000000003,10.24,12928.0,8.47,15.75,30.109,10.32,,,,,,,,,,,,,,,,,,,,,,,,,,,,,,,,,,,
2020-05-19 07:58:08,15542.0,3.23,3.57,27.616999999999997,10.24,13476.0,7.34,13.35,30.156,10.24,12929.0,8.47,15.74,30.086,10.32,,,,,,,,,,,,,,,,,,,,,,,,,,,,,,,,,,,
2020-05-19 08:08:08,15541.0,3.23,3.58,27.594,10.24,13476.0,7.34,13.35,30.18,10.24,12928.0,8.47,15.75,30.094,10.32,,,,,,,,,,,,,,,,,,,,,,,,,,,,,,,,,,,
2020-05-19 08:18:08,15541.0,3.23,3.58,27.594,10.24,13476.0,7.34,13.35,30.133000000000003,10.24,12929.0,8.47,15.74,30.07,10.32,,,,,,,,,,,,,,,,,,,,,,,,,,,,,,,,,,,
2020-05-19 08:28:08,15541.0,3.23,3.58,27.563000000000002,10.24,13477.0,7.34,13.34,30.101999999999997,10.24,12928.0,8.47,15.75,30.094,10.32,,,,,,,,,,,,,,,,,,,,,,,,,,,,,,,,,,,
2020-05-19 08:38:08,15541.0,3.23,3.58,27.586,10.24,13477.0,7.34,13.34,30.101999999999997,10.24,12929.0,8.47,15.74,30.086,10.32,,,,,,,,,,,,,,,,,,,,,,,,,,,,,,,,,,,
2020-05-19 08:48:08,15541.0,3.23,3.58,27.609,10.24,13478.0,7.34,13.34,30.046999999999997,10.24,12929.0,8.47,15.74,30.023000000000003,10.32,,,,,,,,,,,,,,,,,,,,,,,,,,,,,,,,,,,
2020-05-19 08:58:08,15540.0,3.23,3.58,27.616999999999997,10.24,13478.0,7.34,13.34,30.039,10.22,12929.0,8.47,15.74,30.063000000000002,10.32,,,,,,,,,,,,,,,,,,,,,,,,,,,,,,,,,,,
2020-05-19 09:08:08,15539.0,3.23,3.58,27.616999999999997,10.24,13478.0,7.34,13.34,30.008000000000003,10.22,12929.0,8.47,15.74,30.023000000000003,10.32,,,,,,,,,,,,,,,,,,,,,,,,,,,,,,,,,,,
2020-05-19 09:18:08,15540.0,3.23,3.58,27.641,10.24,13479.0,7.34,13.33,30.008000000000003,10.22,12929.0,8.47,15.74,30.031,10.32,,,,,,,,,,,,,,,,,,,,,,,,,,,,,,,,,,,
2020-05-19 09:28:08,15540.0,3.23,3.58,27.671999999999997,10.22,13479.0,7.34,13.33,29.984,10.22,12929.0,8.47,15.74,30.008000000000003,10.32,,,,,,,,,,,,,,,,,,,,,,,,,,,,,,,,,,,
2020-05-19 09:38:08,15539.0,3.23,3.58,27.703000000000003,10.24,13480.0,7.33,13.33,29.953000000000003,10.22,12930.0,8.46,15.73,30.016,10.32,,,,,,,,,,,,,,,,,,,,,,,,,,,,,,,,,,,
2020-05-19 09:48:08,15539.0,3.23,3.58,27.781,10.22,13481.0,7.33,13.32,29.921999999999997,10.22,12930.0,8.46,15.73,30.016,10.32,,,,,,,,,,,,,,,,,,,,,,,,,,,,,,,,,,,
2020-05-19 09:58:08,15538.0,3.24,3.59,27.828000000000003,10.22,13481.0,7.33,13.32,29.875,10.22,12930.0,8.46,15.73,29.984,10.32,,,,,,,,,,,,,,,,,,,,,,,,,,,,,,,,,,,
2020-05-19 10:08:08,15537.0,3.24,3.59,27.953000000000003,10.24,13482.0,7.33,13.32,29.859,10.22,12931.0,8.46,15.72,29.961,10.32,,,,,,,,,,,,,,,,,,,,,,,,,,,,,,,,,,,
2020-05-19 10:18:08,15536.0,3.24,3.59,28.046999999999997,10.24,13482.0,7.33,13.32,29.844,10.22,12930.0,8.46,15.73,29.991999999999997,10.32,,,,,,,,,,,,,,,,,,,,,,,,,,,,,,,,,,,
2020-05-19 10:28:08,15535.0,3.24,3.59,28.148000000000003,10.24,13482.0,7.33,13.32,29.836,10.22,12931.0,8.46,15.72,30.0,10.32,,,,,,,,,,,,,,,,,,,,,,,,,,,,,,,,,,,
2020-05-19 10:38:08,15533.0,3.24,3.6,28.32,10.24,13482.0,7.33,13.32,29.805,10.24,12931.0,8.46,15.72,29.984,10.32,,,,,,,,,,,,,,,,,,,,,,,,,,,,,,,,,,,
2020-05-19 10:48:08,15533.0,3.24,3.6,28.43,10.22,13484.0,7.32,13.3,29.781,10.22,12932.0,8.46,15.72,29.961,10.32,,,,,,,,,,,,,,,,,,,,,,,,,,,,,,,,,,,
2020-05-19 10:58:08,15532.0,3.24,3.61,28.625,10.24,13484.0,7.32,13.3,29.773000000000003,10.22,12931.0,8.46,15.72,29.953000000000003,10.32,,,,,,,,,,,,,,,,,,,,,,,,,,,,,,,,,,,
2020-05-19 11:08:08,15530.0,3.25,3.61,28.781,10.24,13484.0,7.32,13.3,29.758000000000003,10.22,12932.0,8.46,15.72,29.914,10.32,,,,,,,,,,,,,,,,,,,,,,,,,,,,,,,,,,,
2020-05-19 11:18:08,15529.0,3.25,3.61,28.976999999999997,10.24,13485.0,7.32,13.29,29.75,10.22,12932.0,8.46,15.72,29.906,10.32,,,,,,,,,,,,,,,,,,,,,,,,,,,,,,,,,,,
2020-05-19 11:28:08,15528.0,3.25,3.62,29.171999999999997,10.22,13485.0,7.32,13.29,29.75,10.22,12932.0,8.46,15.72,29.914,10.32,,,,,,,,,,,,,,,,,,,,,,,,,,,,,,,,,,,
2020-05-19 11:38:08,15526.0,3.25,3.62,29.398000000000003,10.24,13486.0,7.32,13.29,29.711,10.22,12932.0,8.46,15.72,29.898000000000003,10.32,,,,,,,,,,,,,,,,,,,,,,,,,,,,,,,,,,,
2020-05-19 11:48:08,15524.0,3.25,3.63,29.656,10.24,13486.0,7.32,13.29,29.734,10.22,12932.0,8.46,15.72,29.921999999999997,10.32,,,,,,,,,,,,,,,,,,,,,,,,,,,,,,,,,,,
2020-05-19 11:58:08,15522.0,3.26,3.64,29.906,10.24,13486.0,7.32,13.29,29.719,10.24,12933.0,8.45,15.71,29.859,10.32,,,,,,,,,,,,,,,,,,,,,,,,,,,,,,,,,,,
2020-05-19 12:08:08,15521.0,3.26,3.64,30.141,10.24,13487.0,7.31,13.28,29.711,10.24,12934.0,8.45,15.7,29.906,10.32,,,,,,,,,,,,,,,,,,,,,,,,,,,,,,,,,,,
2020-05-19 12:18:08,15518.0,3.26,3.65,30.375,10.24,13487.0,7.31,13.28,29.688000000000002,10.22,12934.0,8.45,15.7,29.866999999999997,10.32,,,,,,,,,,,,,,,,,,,,,,,,,,,,,,,,,,,
2020-05-19 12:28:08,15518.0,3.26,3.65,30.664,10.24,13488.0,7.31,13.28,29.695,10.24,12934.0,8.45,15.7,29.844,10.32,,,,,,,,,,,,,,,,,,,,,,,,,,,,,,,,,,,
2020-05-19 12:38:08,15514.0,3.26,3.66,30.914,10.24,13488.0,7.31,13.28,29.695,10.24,12934.0,8.45,15.7,29.844,10.32,,,,,,,,,,,,,,,,,,,,,,,,,,,,,,,,,,,
2020-05-19 12:48:08,15512.0,3.27,3.67,31.25,10.24,13488.0,7.31,13.28,29.719,10.24,12935.0,8.45,15.7,29.828000000000003,10.32,,,,,,,,,,,,,,,,,,,,,,,,,,,,,,,,,,,
2020-05-19 12:58:08,15509.0,3.27,3.68,31.523000000000003,10.24,13488.0,7.31,13.28,29.703000000000003,10.24,12935.0,8.45,15.7,29.773000000000003,10.32,,,,,,,,,,,,,,,,,,,,,,,,,,,,,,,,,,,
2020-05-19 13:08:08,15506.0,3.27,3.68,31.805,10.24,13488.0,7.31,13.28,29.703000000000003,10.22,12935.0,8.45,15.7,29.836,10.32,,,,,,,,,,,,,,,,,,,,,,,,,,,,,,,,,,,
2020-05-19 13:18:08,15503.0,3.28,3.7,32.055,10.24,13489.0,7.31,13.27,29.741999999999997,10.22,12936.0,8.44,15.69,29.805,10.32,,,,,,,,,,,,,,,,,,,,,,,,,,,,,,,,,,,
2020-05-19 13:28:08,15499.0,3.28,3.71,32.352,10.24,13489.0,7.31,13.27,29.758000000000003,10.24,12936.0,8.44,15.69,29.805,10.32,,,,,,,,,,,,,,,,,,,,,,,,,,,,,,,,,,,
2020-05-19 13:38:08,15495.0,3.29,3.72,32.617,10.24,13490.0,7.31,13.27,29.766,10.24,12937.0,8.44,15.69,29.813000000000002,10.32,,,,,,,,,,,,,,,,,,,,,,,,,,,,,,,,,,,
2020-05-19 13:48:08,15491.0,3.29,3.73,32.922,10.24,13489.0,7.31,13.27,29.766,10.24,12937.0,8.44,15.69,29.781,10.32,,,,,,,,,,,,,,,,,,,,,,,,,,,,,,,,,,,
2020-05-19 13:58:08,15488.0,3.3,3.74,33.203,10.24,13490.0,7.31,13.27,29.82,10.24,12937.0,8.44,15.69,29.781,10.32,,,,,,,,,,,,,,,,,,,,,,,,,,,,,,,,,,,
2020-05-19 14:08:08,15485.0,3.3,3.75,33.461,10.24,13490.0,7.31,13.27,29.805,10.24,12937.0,8.44,15.69,29.781,10.32,,,,,,,,,,,,,,,,,,,,,,,,,,,,,,,,,,,
2020-05-19 14:18:08,15481.0,3.3,3.76,33.695,10.24,13490.0,7.31,13.27,29.851999999999997,10.22,12938.0,8.44,15.68,29.734,10.32,,,,,,,,,,,,,,,,,,,,,,,,,,,,,,,,,,,
2020-05-19 14:28:08,15477.0,3.31,3.77,33.922,10.24,13490.0,7.31,13.27,29.898000000000003,10.24,12938.0,8.44,15.68,29.719,10.32,,,,,,,,,,,,,,,,,,,,,,,,,,,,,,,,,,,
2020-05-19 14:38:08,15473.0,3.31,3.79,34.219,10.24,13490.0,7.31,13.27,29.914,10.22,12938.0,8.44,15.68,29.781,10.32,,,,,,,,,,,,,,,,,,,,,,,,,,,,,,,,,,,
2020-05-19 14:48:08,15469.0,3.32,3.8,34.453,10.24,13490.0,7.31,13.27,29.953000000000003,10.24,12939.0,8.43,15.67,29.726999999999997,10.32,,,,,,,,,,,,,,,,,,,,,,,,,,,,,,,,,,,
2020-05-19 14:58:08,15465.0,3.32,3.81,34.672,10.24,13489.0,7.31,13.27,29.991999999999997,10.24,12938.0,8.44,15.68,29.703000000000003,10.35,,,,,,,,,,,,,,,,,,,,,,,,,,,,,,,,,,,
2020-05-19 15:08:08,15462.0,3.33,3.82,34.875,10.24,13490.0,7.31,13.27,30.016,10.24,12939.0,8.43,15.67,29.719,10.32,,,,,,,,,,,,,,,,,,,,,,,,,,,,,,,,,,,
2020-05-19 15:18:08,15458.0,3.33,3.84,35.063,10.27,13490.0,7.31,13.27,30.046999999999997,10.24,12939.0,8.43,15.67,29.703000000000003,10.32,,,,,,,,,,,,,,,,,,,,,,,,,,,,,,,,,,,
2020-05-19 15:28:08,15454.0,3.34,3.85,35.289,10.24,13489.0,7.31,13.27,30.109,10.24,12939.0,8.43,15.67,29.711,10.35,,,,,,,,,,,,,,,,,,,,,,,,,,,,,,,,,,,
2020-05-19 15:38:08,15451.0,3.34,3.86,35.453,10.27,13489.0,7.31,13.27,30.148000000000003,10.24,12940.0,8.43,15.66,29.711,10.35,,,,,,,,,,,,,,,,,,,,,,,,,,,,,,,,,,,
2020-05-19 15:48:08,15448.0,3.35,3.87,35.617,10.27,13489.0,7.31,13.27,30.171999999999997,10.24,12940.0,8.43,15.66,29.703000000000003,10.32,,,,,,,,,,,,,,,,,,,,,,,,,,,,,,,,,,,
2020-05-19 15:58:08,15445.0,3.35,3.88,35.789,10.24,13489.0,7.31,13.27,30.219,10.24,12939.0,8.43,15.67,29.656,10.32,,,,,,,,,,,,,,,,,,,,,,,,,,,,,,,,,,,
2020-05-19 16:08:08,15443.0,3.35,3.88,35.859,10.27,13489.0,7.31,13.27,30.258000000000003,10.24,12940.0,8.43,15.66,29.664,10.32,,,,,,,,,,,,,,,,,,,,,,,,,,,,,,,,,,,
2020-05-19 16:18:08,15442.0,3.35,3.89,35.977,10.24,13488.0,7.31,13.28,30.336,10.24,12940.0,8.43,15.66,29.68,10.32,,,,,,,,,,,,,,,,,,,,,,,,,,,,,,,,,,,
2020-05-19 16:28:08,15440.0,3.35,3.89,36.023,10.24,13488.0,7.31,13.28,30.344,10.24,12940.0,8.43,15.66,29.648000000000003,10.32,,,,,,,,,,,,,,,,,,,,,,,,,,,,,,,,,,,
2020-05-19 16:38:08,15438.0,3.36,3.9,36.055,10.27,13488.0,7.31,13.28,30.438000000000002,10.24,12941.0,8.43,15.65,29.664,10.32,,,,,,,,,,,,,,,,,,,,,,,,,,,,,,,,,,,
2020-05-19 16:48:08,15437.0,3.36,3.9,36.133,10.24,13487.0,7.31,13.28,30.461,10.24,12941.0,8.43,15.65,29.671999999999997,10.32,,,,,,,,,,,,,,,,,,,,,,,,,,,,,,,,,,,
2020-05-19 16:58:08,15437.0,3.36,3.9,36.133,10.24,13487.0,7.31,13.28,30.531,10.24,12941.0,8.43,15.65,29.641,10.32,,,,,,,,,,,,,,,,,,,,,,,,,,,,,,,,,,,
2020-05-19 17:08:08,15436.0,3.36,3.91,36.125,10.27,13487.0,7.31,13.28,30.563000000000002,10.24,12940.0,8.43,15.66,29.633000000000003,10.32,,,,,,,,,,,,,,,,,,,,,,,,,,,,,,,,,,,
2020-05-19 17:18:08,15437.0,3.36,3.9,36.141,10.24,13486.0,7.32,13.29,30.594,10.24,12940.0,8.43,15.66,29.648000000000003,10.35,,,,,,,,,,,,,,,,,,,,,,,,,,,,,,,,,,,
2020-05-19 17:28:08,15437.0,3.36,3.9,36.125,10.24,13486.0,7.32,13.29,30.664,10.24,12941.0,8.43,15.65,29.625,10.32,,,,,,,,,,,,,,,,,,,,,,,,,,,,,,,,,,,
2020-05-19 17:38:08,15438.0,3.36,3.9,36.094,10.24,13486.0,7.32,13.29,30.695,10.24,12941.0,8.43,15.65,29.656,10.32,,,,,,,,,,,,,,,,,,,,,,,,,,,,,,,,,,,
2020-05-19 17:48:08,15439.0,3.36,3.9,36.055,10.24,13484.0,7.32,13.3,30.766,10.24,12940.0,8.43,15.66,29.656,10.32,,,,,,,,,,,,,,,,,,,,,,,,,,,,,,,,,,,
2020-05-19 17:58:08,15439.0,3.36,3.9,36.0,10.27,13485.0,7.32,13.29,30.82,10.24,12941.0,8.43,15.65,29.641,10.32,,,,,,,,,,,,,,,,,,,,,,,,,,,,,,,,,,,
2020-05-19 18:08:08,15440.0,3.35,3.89,35.969,10.27,13484.0,7.32,13.3,30.906,10.24,12941.0,8.43,15.65,29.648000000000003,10.32,,,,,,,,,,,,,,,,,,,,,,,,,,,,,,,,,,,
2020-05-19 18:18:08,15441.0,3.35,3.89,35.906,10.27,13483.0,7.32,13.31,30.906,10.24,12941.0,8.43,15.65,29.625,10.35,,,,,,,,,,,,,,,,,,,,,,,,,,,,,,,,,,,
2020-05-19 18:28:08,15442.0,3.35,3.89,35.844,10.27,13483.0,7.32,13.31,30.961,10.24,12941.0,8.43,15.65,29.656,10.32,,,,,,,,,,,,,,,,,,,,,,,,,,,,,,,,,,,
2020-05-19 18:38:08,15444.0,3.35,3.88,35.727,10.27,13483.0,7.32,13.31,31.008000000000003,10.24,12941.0,8.43,15.65,29.648000000000003,10.35,,,,,,,,,,,,,,,,,,,,,,,,,,,,,,,,,,,
2020-05-19 18:48:08,15445.0,3.35,3.88,35.734,10.27,13482.0,7.33,13.32,31.07,10.24,12941.0,8.43,15.65,29.664,10.35,,,,,,,,,,,,,,,,,,,,,,,,,,,,,,,,,,,
2020-05-19 18:58:08,15447.0,3.35,3.87,35.594,10.27,13482.0,7.33,13.32,31.07,10.24,12941.0,8.43,15.65,29.656,10.35,,,,,,,,,,,,,,,,,,,,,,,,,,,,,,,,,,,
2020-05-19 19:08:08,15449.0,3.34,3.86,35.563,10.27,13481.0,7.33,13.32,31.156,10.24,12941.0,8.43,15.65,29.648000000000003,10.35,,,,,,,,,,,,,,,,,,,,,,,,,,,,,,,,,,,
2020-05-19 19:18:08,,,12941.0,8.43,15.65,29.656,10.32,,,,,,,,,,,,,,,,,,,,,,,,,,,,,,,,,,,,,,,,,,,
2020-05-19 19:28:08,15451.0,3.34,3.86,35.359,10.27,13481.0,7.33,13.32,31.195,10.24,12941.0,8.43,15.65,29.671999999999997,10.35,,,,,,,,,,,,,,,,,,,,,,,,,,,,,,,,,,,
2020-05-19 19:38:08,15454.0,3.34,3.85,35.25,10.27,13480.0,7.33,13.33,31.234,10.24,12941.0,8.43,15.65,29.616999999999997,10.35,,,,,,,,,,,,,,,,,,,,,,,,,,,,,,,,,,,
2020-05-19 19:48:08,15456.0,3.34,3.84,35.164,10.27,13480.0,7.33,13.33,31.266,10.24,12941.0,8.43,15.65,29.648000000000003,10.35,,,,,,,,,,,,,,,,,,,,,,,,,,,,,,,,,,,
2020-05-19 19:58:08,15456.0,3.34,3.84,35.063,10.27,13480.0,7.33,13.33,31.328000000000003,10.24,12941.0,8.43,15.65,29.703000000000003,10.35,,,,,,,,,,,,,,,,,,,,,,,,,,,,,,,,,,,
2020-05-19 20:08:08,15461.0,3.33,3.83,34.984,10.27,13479.0,7.34,13.33,31.336,10.24,12941.0,8.43,15.65,29.68,10.35,,,,,,,,,,,,,,,,,,,,,,,,,,,,,,,,,,,
2020-05-19 20:18:08,15464.0,3.33,3.82,34.836,10.27,13479.0,7.34,13.33,31.344,10.24,12941.0,8.43,15.65,29.688000000000002,10.35,,,,,,,,,,,,,,,,,,,,,,,,,,,,,,,,,,,
2020-05-19 20:28:08,15465.0,3.32,3.81,34.758,10.27,13478.0,7.34,13.34,31.351999999999997,10.24,12941.0,8.43,15.65,29.695,10.32,,,,,,,,,,,,,,,,,,,,,,,,,,,,,,,,,,,
2020-05-19 20:38:08,15469.0,3.32,3.8,34.609,10.27,13478.0,7.34,13.34,31.406,10.24,12940.0,8.43,15.66,29.68,10.32,,,,,,,,,,,,,,,,,,,,,,,,,,,,,,,,,,,
2020-05-19 20:48:08,15469.0,3.32,3.8,34.539,10.27,13478.0,7.34,13.34,31.438000000000002,10.24,12941.0,8.43,15.65,29.695,10.32,,,,,,,,,,,,,,,,,,,,,,,,,,,,,,,,,,,
2020-05-19 20:58:08,15473.0,3.31,3.79,34.406,10.27,13477.0,7.34,13.34,31.461,10.24,12941.0,8.43,15.65,29.719,10.32,,,,,,,,,,,,,,,,,,,,,,,,,,,,,,,,,,,
2020-05-19 21:08:08,15476.0,3.31,3.78,34.242,10.27,13478.0,7.34,13.34,31.491999999999997,10.24,12940.0,8.43,15.66,29.711,10.32,,,,,,,,,,,,,,,,,,,,,,,,,,,,,,,,,,,
2020-05-19 21:18:08,15477.0,3.31,3.77,34.188,10.24,13478.0,7.34,13.34,31.469,10.22,12940.0,8.43,15.66,29.726999999999997,10.32,,,,,,,,,,,,,,,,,,,,,,,,,,,,,,,,,,,
2020-05-19 21:28:08,15480.0,3.31,3.77,34.07,10.24,13477.0,7.34,13.34,31.539,10.22,12940.0,8.43,15.66,29.703000000000003,10.32,,,,,,,,,,,,,,,,,,,,,,,,,,,,,,,,,,,
2020-05-19 21:38:08,15482.0,3.3,3.76,33.984,10.24,13477.0,7.34,13.34,31.508000000000003,10.22,12940.0,8.43,15.66,29.711,10.32,,,,,,,,,,,,,,,,,,,,,,,,,,,,,,,,,,,
2020-05-19 21:48:08,15485.0,3.3,3.75,33.859,10.24,13477.0,7.34,13.34,31.546999999999997,10.22,12940.0,8.43,15.66,29.734,10.32,,,,,,,,,,,,,,,,,,,,,,,,,,,,,,,,,,,
2020-05-19 21:58:08,15486.0,3.3,3.75,33.727,10.24,13477.0,7.34,13.34,31.546999999999997,10.22,12940.0,8.43,15.66,29.726999999999997,10.32,,,,,,,,,,,,,,,,,,,,,,,,,,,,,,,,,,,
2020-05-19 22:08:08,15488.0,3.3,3.74,33.625,10.24,13476.0,7.34,13.35,31.555,10.22,12940.0,8.43,15.66,29.734,10.32,,,,,,,,,,,,,,,,,,,,,,,,,,,,,,,,,,,
2020-05-19 22:18:08,15490.0,3.29,3.74,33.539,10.24,13476.0,7.34,13.35,31.586,10.22,12940.0,8.43,15.66,29.741999999999997,10.32,,,,,,,,,,,,,,,,,,,,,,,,,,,,,,,,,,,
2020-05-19 22:28:08,15492.0,3.29,3.73,33.406,10.24,13477.0,7.34,13.34,31.594,10.22,12940.0,8.43,15.66,29.781,10.32,,,,,,,,,,,,,,,,,,,,,,,,,,,,,,,,,,,
2020-05-19 22:38:08,15490.0,3.29,3.74,33.32,10.24,13477.0,7.34,13.34,31.523000000000003,10.22,12940.0,8.43,15.66,29.766,10.32,,,,,,,,,,,,,,,,,,,,,,,,,,,,,,,,,,,
2020-05-19 22:48:08,15494.0,3.29,3.72,33.219,10.24,13476.0,7.34,13.35,31.57,10.22,12940.0,8.43,15.66,29.789,10.3,,,,,,,,,,,,,,,,,,,,,,,,,,,,,,,,,,,
2020-05-19 22:58:08,15497.0,3.28,3.71,33.109,10.24,13476.0,7.34,13.35,31.57,10.22,12940.0,8.43,15.66,29.781,10.3,,,,,,,,,,,,,,,,,,,,,,,,,,,,,,,,,,,
2020-05-19 23:08:08,15495.0,3.29,3.72,33.023,10.24,13476.0,7.34,13.35,31.555,10.22,12939.0,8.43,15.67,29.773000000000003,10.3,,,,,,,,,,,,,,,,,,,,,,,,,,,,,,,,,,,
2020-05-19 23:18:08,15498.0,3.28,3.71,32.93,10.24,13476.0,7.34,13.35,31.616999999999997,10.22,12939.0,8.43,15.67,29.789,10.3,,,,,,,,,,,,,,,,,,,,,,,,,,,,,,,,,,,
2020-05-19 23:28:08,15502.0,3.28,3.7,32.797,10.24,13477.0,7.34,13.34,31.563000000000002,10.22,12939.0,8.43,15.67,29.789,10.3,,,,,,,,,,,,,,,,,,,,,,,,,,,,,,,,,,,
2020-05-19 23:38:08,15503.0,3.28,3.7,32.695,10.24,13476.0,7.34,13.35,31.601999999999997,10.22,12939.0,8.43,15.67,29.813000000000002,10.3,,,,,,,,,,,,,,,,,,,,,,,,,,,,,,,,,,,
2020-05-19 23:48:08,15504.0,3.28,3.69,32.625,10.22,13477.0,7.34,13.34,31.555,10.22,12938.0,8.44,15.68,29.813000000000002,10.3,,,,,,,,,,,,,,,,,,,,,,,,,,,,,,,,,,,
2020-05-19 23:58:08,15505.0,3.27,3.69,32.547,10.22,13477.0,7.34,13.34,31.531,10.22,12938.0,8.44,15.68,29.851999999999997,10.3,,,,,,,,,,,,,,,,,,,,,,,,,,,,,,,,,,,
2020-05-20 00:08:08,15507.0,3.27,3.68,32.406,10.22,13477.0,7.34,13.34,31.586,10.22,12939.0,8.43,15.67,29.851999999999997,10.3,,,,,,,,,,,,,,,,,,,,,,,,,,,,,,,,,,,
2020-05-20 00:18:08,15510.0,3.27,3.67,32.328,10.22,13478.0,7.34,13.34,31.539,10.22,12938.0,8.44,15.68,29.844,10.3,,,,,,,,,,,,,,,,,,,,,,,,,,,,,,,,,,,
2020-05-20 00:28:08,15511.0,3.27,3.67,32.266,10.22,13477.0,7.34,13.34,31.531,10.22,12938.0,8.44,15.68,29.875,10.3,,,,,,,,,,,,,,,,,,,,,,,,,,,,,,,,,,,
2020-05-20 00:38:08,15512.0,3.27,3.67,32.18,10.22,13477.0,7.34,13.34,31.555,10.19,12938.0,8.44,15.68,29.859,10.3,,,,,,,,,,,,,,,,,,,,,,,,,,,,,,,,,,,
2020-05-20 00:48:08,15513.0,3.27,3.66,32.07,10.22,13477.0,7.34,13.34,31.491999999999997,10.19,12938.0,8.44,15.68,29.859,10.3,,,,,,,,,,,,,,,,,,,,,,,,,,,,,,,,,,,
2020-05-20 00:58:08,15513.0,3.27,3.66,31.969,10.22,13478.0,7.34,13.34,31.5,10.19,12938.0,8.44,15.68,29.883000000000003,10.3,,,,,,,,,,,,,,,,,,,,,,,,,,,,,,,,,,,
2020-05-20 01:08:08,15518.0,3.26,3.65,31.891,10.22,13478.0,7.34,13.34,31.523000000000003,10.19,12937.0,8.44,15.69,29.891,10.27,,,,,,,,,,,,,,,,,,,,,,,,,,,,,,,,,,,
2020-05-20 01:18:08,15518.0,3.26,3.65,31.796999999999997,10.22,13478.0,7.34,13.34,31.5,10.19,12938.0,8.44,15.68,29.883000000000003,10.3,,,,,,,,,,,,,,,,,,,,,,,,,,,,,,,,,,,
2020-05-20 01:28:08,15522.0,3.26,3.64,31.719,10.22,13478.0,7.34,13.34,31.484,10.19,12937.0,8.44,15.69,29.906,10.3,,,,,,,,,,,,,,,,,,,,,,,,,,,,,,,,,,,
2020-05-20 01:38:08,15523.0,3.25,3.63,31.625,10.22,13479.0,7.34,13.33,31.484,10.19,12937.0,8.44,15.69,29.883000000000003,10.27,,,,,,,,,,,,,,,,,,,,,,,,,,,,,,,,,,,
2020-05-20 01:48:08,15522.0,3.26,3.64,31.555,10.22,13479.0,7.34,13.33,31.453000000000003,10.19,12937.0,8.44,15.69,29.866999999999997,10.3,,,,,,,,,,,,,,,,,,,,,,,,,,,,,,,,,,,
2020-05-20 01:58:08,15523.0,3.25,3.63,31.469,10.22,13479.0,7.34,13.33,31.421999999999997,10.19,12938.0,8.44,15.68,29.938000000000002,10.27,,,,,,,,,,,,,,,,,,,,,,,,,,,,,,,,,,,
2020-05-20 02:08:08,15528.0,3.25,3.62,31.375,10.22,13480.0,7.33,13.33,31.453000000000003,10.19,12937.0,8.44,15.69,29.914,10.27,,,,,,,,,,,,,,,,,,,,,,,,,,,,,,,,,,,
2020-05-20 02:18:08,15527.0,3.25,3.62,31.305,10.22,13480.0,7.33,13.33,31.461,10.19,12937.0,8.44,15.69,29.938000000000002,10.27,,,,,,,,,,,,,,,,,,,,,,,,,,,,,,,,,,,
2020-05-20 02:28:08,15530.0,3.25,3.61,31.226999999999997,10.22,13479.0,7.34,13.33,31.43,10.19,12938.0,8.44,15.68,29.921999999999997,10.27,,,,,,,,,,,,,,,,,,,,,,,,,,,,,,,,,,,
2020-05-20 02:38:08,15528.0,3.25,3.62,31.141,10.19,13480.0,7.33,13.33,31.43,10.19,12937.0,8.44,15.69,29.945,10.27,,,,,,,,,,,,,,,,,,,,,,,,,,,,,,,,,,,
2020-05-20 02:48:08,15529.0,3.25,3.61,31.055,10.22,13480.0,7.33,13.33,31.359,10.19,12937.0,8.44,15.69,29.93,10.27,,,,,,,,,,,,,,,,,,,,,,,,,,,,,,,,,,,
2020-05-20 02:58:08,15537.0,3.24,3.59,30.984,10.22,13480.0,7.33,13.33,31.344,10.19,12937.0,8.44,15.69,29.969,10.27,,,,,,,,,,,,,,,,,,,,,,,,,,,,,,,,,,,
2020-05-20 03:08:08,15536.0,3.24,3.59,30.93,10.22,13480.0,7.33,13.33,31.313000000000002,10.19,12937.0,8.44,15.69,29.961,10.27,,,,,,,,,,,,,,,,,,,,,,,,,,,,,,,,,,,
2020-05-20 03:18:08,15535.0,3.24,3.59,30.82,10.19,13481.0,7.33,13.32,31.305,10.19,12937.0,8.44,15.69,29.953000000000003,10.27,,,,,,,,,,,,,,,,,,,,,,,,,,,,,,,,,,,
2020-05-20 03:28:08,15539.0,3.23,3.58,30.789,10.19,13481.0,7.33,13.32,31.296999999999997,10.19,12937.0,8.44,15.69,29.976999999999997,10.27,,,,,,,,,,,,,,,,,,,,,,,,,,,,,,,,,,,
2020-05-20 03:38:08,15534.0,3.24,3.6,30.695,10.19,13482.0,7.33,13.32,31.289,10.19,12936.0,8.44,15.69,29.984,10.27,,,,,,,,,,,,,,,,,,,,,,,,,,,,,,,,,,,
2020-05-20 03:48:08,15535.0,3.24,3.59,30.594,10.19,13482.0,7.33,13.32,31.305,10.19,12937.0,8.44,15.69,29.953000000000003,10.27,,,,,,,,,,,,,,,,,,,,,,,,,,,,,,,,,,,
2020-05-20 03:58:08,15537.0,3.24,3.59,30.531,10.19,13482.0,7.33,13.32,31.25,10.19,12936.0,8.44,15.69,30.0,10.27,,,,,,,,,,,,,,,,,,,,,,,,,,,,,,,,,,,
2020-05-20 04:08:08,15540.0,3.23,3.58,30.476999999999997,10.19,13482.0,7.33,13.32,31.226999999999997,10.17,12936.0,8.44,15.69,29.984,10.27,,,,,,,,,,,,,,,,,,,,,,,,,,,,,,,,,,,
2020-05-20 04:18:08,15540.0,3.23,3.58,30.398000000000003,10.19,13483.0,7.32,13.31,31.18,10.17,12937.0,8.44,15.69,29.976999999999997,10.27,,,,,,,,,,,,,,,,,,,,,,,,,,,,,,,,,,,
2020-05-20 04:28:08,15540.0,3.23,3.58,30.313000000000002,10.19,13483.0,7.32,13.31,31.171999999999997,10.17,12937.0,8.44,15.69,29.969,10.27,,,,,,,,,,,,,,,,,,,,,,,,,,,,,,,,,,,
2020-05-20 04:38:08,15541.0,3.23,3.58,30.203000000000003,10.19,13483.0,7.32,13.31,31.188000000000002,10.17,12936.0,8.44,15.69,29.984,10.27,,,,,,,,,,,,,,,,,,,,,,,,,,,,,,,,,,,
2020-05-20 04:48:08,15542.0,3.23,3.57,30.116999999999997,10.19,13483.0,7.32,13.31,31.148000000000003,10.17,12936.0,8.44,15.69,29.961,10.27,,,,,,,,,,,,,,,,,,,,,,,,,,,,,,,,,,,
2020-05-20 04:58:08,15543.0,3.23,3.57,30.078000000000003,10.19,13483.0,7.32,13.31,31.116999999999997,10.17,12936.0,8.44,15.69,29.984,10.27,,,,,,,,,,,,,,,,,,,,,,,,,,,,,,,,,,,
